index,sentence_index,word,start_s,end_s,start_ms,end_ms,confidence,status,flags
0,0,"Hello,",0.15,0.72,150,720,0.862,aligned,
1,0,this,0.79,1.08,790,1080,0.9697,aligned,
2,0,is,1.08,1.22,1080,1220,0.9885,aligned,
3,0,my,1.22,1.44,1220,1440,0.9942,aligned,
4,0,first,1.44,1.82,1440,1820,0.9814,aligned,
5,0,local,1.82,2.06,1820,2060,0.8672,aligned,
6,0,voice,2.06,2.52,2060,2520,0.9673,aligned,
7,0,cloning,2.52,2.86,2520,2860,0.9773,aligned,
8,0,test.,2.86,3.64,2860,3640,0.9968,aligned,
9,1,Welcome,4.34,4.69,4340,4690,0.9697,aligned,
10,1,to,4.69,4.93,4690,4930,0.9952,aligned,
11,1,Prudential,4.93,5.33,4930,5330,0.8846,aligned,
12,1,Health,5.33,5.67,5330,5670,0.9681,aligned,
13,1,India!,5.67,6.45,5670,6450,0.9486,aligned,
